Date,BTCX21.CME,BTCZ21.CME,BTCF22.CME,BTCG22.CME,BTCH22.CME,BTCJ22.CME,BTCZ22.CME,BTC-USD
2019-12-31,,7900.0,,,,,,7193.59912109375
2020-01-02,,7985.0,,,,,,6985.47021484375
2020-01-03,,7965.0,,,,,,7344.88427734375
2020-01-06,,8220.0,,,,,,7769.21923828125
2020-01-07,,8820.0,,,,,,8163.6923828125
2020-01-08,,8685.0,,,,,,8079.86279296875
2020-01-09,,8430.0,,,,,,7879.0712890625
2020-01-10,,9005.0,,,,,,8166.55419921875
2020-01-13,,8605.0,,,,,,8144.1943359375
2020-01-14,,6895.0,,,,,,8827.7646484375
2020-01-15,,9900.0,,,,,,8807.0107421875
2020-01-16,,9780.0,,,,,,8723.7861328125
2020-01-17,,9945.0,,,,,,8929.0380859375
2020-01-21,,9720.0,,,,,,8745.89453125
2020-01-22,,9680.0,,,,,,8680.8759765625
2020-01-23,,9340.0,,,,,,8406.515625
2020-01-24,,9470.0,,,,,,8445.4345703125
2020-01-27,,10030.0,,,,,,8909.8193359375
2020-01-28,,10130.0,,,,,,9358.58984375
2020-01-29,,10505.0,,,,,,9316.6298828125
2020-01-30,,10680.0,,,,,,9508.9931640625
2020-01-31,,10390.0,,,,,,9350.529296875
2020-02-03,,10375.0,,,,,,9293.521484375
2020-02-04,,10235.0,,,,,,9180.962890625
2020-02-05,,10835.0,,,,,,9613.423828125
2020-02-06,,10925.0,,,,,,9729.8017578125
2020-02-07,,10880.0,,,,,,9795.943359375
2020-02-10,,11015.0,,,,,,9856.611328125
2020-02-11,,11590.0,,,,,,10208.236328125
2020-02-12,,11820.0,,,,,,10326.0546875
2020-02-13,,11650.0,,,,,,10214.3798828125
2020-02-14,,11815.0,,,,,,10312.1162109375
2020-02-18,,11575.0,,,,,,10141.99609375
2020-02-19,,12000.0,,,,,,9633.38671875
2020-02-20,,11300.0,,,,,,9608.4755859375
2020-02-21,,11440.0,,,,,,9686.44140625
2020-02-24,,11280.0,,,,,,9650.1748046875
2020-02-25,,11120.0,,,,,,9341.705078125
2020-02-26,,10515.0,,,,,,8820.5224609375
2020-02-27,,10580.0,,,,,,8784.494140625
2020-02-28,,10350.0,,,,,,8672.455078125
2020-03-02,,10645.0,,,,,,8869.669921875
2020-03-03,,10490.0,,,,,,8787.7861328125
2020-03-04,,10460.0,,,,,,8755.24609375
2020-03-05,,10890.0,,,,,,9078.7626953125
2020-03-06,,10815.0,,,,,,9122.5458984375
2020-03-09,,9335.0,,,,,,7923.64453125
2020-03-10,,9480.0,,,,,,7909.7294921875
2020-03-11,,9340.0,,,,,,7911.43017578125
2020-03-12,,7430.0,,,,,,4970.7880859375
2020-03-13,,6700.0,,,,,,5563.70703125
2020-03-16,,6260.0,,,,,,5014.47998046875
2020-03-17,,6755.0,,,,,,5225.62939453125
2020-03-18,,6715.0,,,,,,5238.4384765625
2020-03-19,,7200.0,,,,,,6191.19287109375
2020-03-20,,7110.0,,,,,,6198.7783203125
2020-03-23,,7190.0,,,,,,6416.31494140625
2020-03-24,,7665.0,,,,,,6734.8037109375
2020-03-25,,7570.0,,,,,,6681.06298828125
2020-03-26,,7590.0,,,,,,6716.4404296875
2020-03-27,,7580.0,,,,,,6469.79833984375
2020-03-30,,7280.0,,,,,,6429.841796875
2020-03-31,,7380.0,,,,,,6438.64453125
2020-04-01,,7350.0,,,,,,6606.7763671875
2020-04-02,,8000.0,,,,,,6793.62451171875
2020-04-03,,7935.0,,,,,,6733.38720703125
2020-04-06,,8415.0,,,,,,7271.78125
2020-04-07,,8415.0,,,,,,7176.41455078125
2020-04-08,,8420.0,,,,,,7334.0986328125
2020-04-09,,8360.0,,,,,,7302.08935546875
2020-04-13,,7790.0,,,,,,6845.03759765625
2020-04-14,,7940.0,,,,,,6842.427734375
2020-04-15,,7730.0,,,,,,6642.10986328125
2020-04-16,,8130.0,,,,,,7116.80419921875
2020-04-17,,8105.0,,,,,,
2020-04-20,,7820.0,,,,,,6881.95849609375
2020-04-21,,7905.0,,,,,,6880.3232421875
2020-04-22,,8155.0,,,,,,7117.20751953125
2020-04-23,,8630.0,,,,,,7429.724609375
2020-04-24,,8600.0,,,,,,7550.90087890625
2020-04-27,,8765.0,,,,,,7795.60107421875
2020-04-28,,8770.0,,,,,,7807.05859375
2020-04-29,,9845.0,,,,,,8801.0380859375
2020-04-30,,9980.0,,,,,,8658.5537109375
2020-05-01,,9840.0,,,,,,8864.7666015625
2020-05-04,,9940.0,,,,,,8912.654296875
2020-05-05,,9980.0,,,,,,9003.0703125
2020-05-06,,10360.0,,,,,,9268.76171875
2020-05-07,,11000.0,,,,,,9951.5185546875
2020-05-08,,11040.0,,,,,,9842.666015625
2020-05-11,,9915.0,,,,,,8601.7958984375
2020-05-12,,9980.0,,,,,,8804.4775390625
2020-05-13,,10365.0,,,,,,9269.9873046875
2020-05-14,,10910.0,,,,,,9733.7216796875
2020-05-15,,10590.0,,,,,,9328.197265625
2020-05-18,,10960.0,,,,,,9726.5751953125
2020-05-19,,10900.0,,,,,,9729.0380859375
2020-05-20,,10590.0,,,,,,9522.9814453125
2020-05-21,,10110.0,,,,,,9081.76171875
2020-05-22,,10235.0,,,,,,9182.5771484375
2020-05-26,,9810.0,,,,,,8835.052734375
2020-05-27,,10195.0,,,,,,9181.017578125
2020-05-28,,10520.0,,,,,,9525.7509765625
2020-05-29,,10450.0,,,,,,9439.1240234375
2020-06-01,,10630.0,,,,,,10167.2685546875
2020-06-02,,10585.0,,,,,,9529.8037109375
2020-06-03,,10670.0,,,,,,9656.7177734375
2020-06-04,,10945.0,,,,,,9800.63671875
2020-06-05,,10845.0,,,,,,9665.533203125
2020-06-08,,10825.0,,,,,,9771.4892578125
2020-06-09,,10890.0,,,,,,9795.7001953125
2020-06-10,,10980.0,,,,,,9870.0947265625
2020-06-11,,10360.0,,,,,,9321.78125
2020-06-12,,10515.0,,,,,,9480.84375
2020-06-15,,10510.0,,,,,,9450.7021484375
2020-06-16,,10620.0,,,,,,9538.0244140625
2020-06-17,,10515.0,,,,,,9480.2548828125
2020-06-18,,10590.0,,,,,,9411.8408203125
2020-06-19,,10500.0,,,,,,9288.0185546875
2020-06-22,,10705.0,,,,,,9648.7177734375
2020-06-23,,10755.0,,,,,,9629.658203125
2020-06-24,,10375.0,,,,,,9313.6103515625
2020-06-25,,10375.0,,,,,,9264.8134765625
2020-06-26,,10250.0,,,,,,9162.91796875
2020-06-29,,10225.0,,,,,,9190.8544921875
2020-06-30,,10210.0,,,,,,9137.9931640625
2020-07-01,,10375.0,,,,,,9228.3251953125
2020-07-02,,10175.0,,,,,,9123.41015625
2020-07-06,,10390.0,,,,,,9375.474609375
2020-07-07,,10345.0,,,,,,9252.27734375
2020-07-08,,10545.0,,,,,,9428.3330078125
2020-07-09,,10270.0,,,,,,9277.9677734375
2020-07-10,,10290.0,,,,,,9278.8076171875
2020-07-13,,10285.0,,,,,,9243.6142578125
2020-07-14,,10315.0,,,,,,9243.2138671875
2020-07-15,,9905.0,,,,,,9192.8369140625
2020-07-16,,9795.0,,,,,,9132.2275390625
2020-07-17,,9845.0,,,,,,9151.392578125
2020-07-20,,9855.0,,,,,,9164.2314453125
2020-07-21,,10055.0,,,,,,9374.8876953125
2020-07-22,,10080.0,,,,,,9525.36328125
2020-07-23,,10330.0,,,,,,9581.072265625
2020-07-24,,10310.0,,,,,,9536.892578125
2020-07-27,,11750.0,,,,,,10990.873046875
2020-07-28,,11950.0,,,,,,10912.8232421875
2020-07-29,,12150.0,,,,,,11100.4677734375
2020-07-30,,12070.0,,,,,,11111.2138671875
2020-07-31,,12280.0,,,,,,11323.466796875
2020-08-03,,12340.0,,,,,,11246.3486328125
2020-08-04,,12150.0,,,,,,11205.892578125
2020-08-05,,12595.0,,,,,,11747.0224609375
2020-08-06,,12795.0,,,,,,11779.7734375
2020-08-07,,12385.0,,,,,,11601.47265625
2020-08-10,,12910.0,,,,,,11878.111328125
2020-08-11,,12310.0,,,,,,11410.525390625
2020-08-12,,12535.0,,,,,,11584.9345703125
2020-08-13,,12465.0,,,,,,11784.1376953125
2020-08-14,,12835.0,,,,,,11768.87109375
2020-08-17,,13435.0,,,,,,12254.40234375
2020-08-18,,13000.0,,,,,,11991.2333984375
2020-08-19,,12600.0,,,,,,11758.283203125
2020-08-20,,12790.0,,,,,,11878.3720703125
2020-08-21,,12615.0,,,,,,11592.4892578125
2020-08-24,,12650.0,,,,,,11774.595703125
2020-08-25,,12130.0,,,,,,11366.134765625
2020-08-26,,12300.0,,,,,,11488.36328125
2020-08-27,,12280.0,,,,,,11323.3974609375
2020-08-28,,12635.0,,,,,,11542.5
2020-08-31,,12790.0,,,,,,11680.8203125
2020-09-01,,13090.0,,,,,,11970.478515625
2020-09-02,,12370.0,,,,,,11414.0341796875
2020-09-03,,12150.0,,,,,,10245.296875
2020-09-04,,11920.0,,,,,,10511.8134765625
2020-09-08,,11375.0,,,,,,10131.5166015625
2020-09-09,,11705.0,,,,,,10242.34765625
2020-09-10,,11680.0,,,,,,10363.138671875
2020-09-11,,11500.0,,,,,,10400.9150390625
2020-09-14,,11940.0,,,,,,10680.837890625
2020-09-15,,12000.0,,,,,,10796.951171875
2020-09-16,,12225.0,,,,,,10974.9052734375
2020-09-17,,12075.0,,,,,,10948.990234375
2020-09-18,,12005.0,,,,,,10944.5859375
2020-09-21,,11590.0,,,,,,10462.259765625
2020-09-22,,11580.0,,,,,,10538.4599609375
2020-09-23,,11345.0,,,,,,10225.8642578125
2020-09-24,,11850.0,,,,,,10745.548828125
2020-09-25,,11920.0,,,,,,10702.2900390625
2020-09-28,,12025.0,,,,,,10721.3271484375
2020-09-29,,11845.0,,,,,,10848.830078125
2020-09-30,,11810.0,,,,,,10787.6181640625
2020-10-01,,11635.0,,,,,,10623.330078125
2020-10-02,,11635.0,,,,,,10585.1640625
2020-10-05,,11885.0,,,,,,10804.0009765625
2020-10-06,,11745.0,,,,,,10621.6640625
2020-10-07,,11805.0,,,,,,10679.13671875
2020-10-08,,12040.0,,,,,,10923.6279296875
2020-10-09,,12205.0,,,,,,
2020-10-12,,12765.0,,,,,,
2020-10-13,,12565.0,,,,,,
2020-10-14,,12540.0,,,,,,11429.5068359375
2020-10-15,,12725.0,,,,,,11495.349609375
2020-10-16,,12505.0,,,,,,11322.123046875
2020-10-19,,12910.0,,,,,,11742.037109375
2020-10-20,,13180.0,,,,,,11916.3349609375
2020-10-21,,13820.0,,,,,,12823.689453125
2020-10-22,,14285.0,,,,,,12965.8916015625
2020-10-23,,14145.0,,,,,,12931.5390625
2020-10-26,,14215.0,,,,,,13075.248046875
2020-10-27,,14880.0,,,,,,13654.21875
2020-10-28,,14475.0,,,,,,13271.28515625
2020-10-29,,14975.0,,,,,,13437.8828125
2020-10-30,,14960.0,,,,,,13546.5224609375
2020-11-02,,14980.0,,,,,,13550.4892578125
2020-11-03,,15120.0,,,,,,13950.30078125
2020-11-04,,15430.0,,,,,,14133.70703125
2020-11-05,,16555.0,,,,,,15579.8486328125
2020-11-06,,16900.0,,,,,,15565.880859375
2020-11-09,,16865.0,,,,,,15332.3154296875
2020-11-10,,16720.0,,,,,,15290.90234375
2020-11-11,,17175.0,,,,,,15701.33984375
2020-11-12,,17570.0,,,,,,16276.34375
2020-11-13,,17665.0,,,,,,16317.80859375
2020-11-16,,18250.0,,,,,,16716.111328125
2020-11-17,,19090.0,,,,,,17645.40625
2020-11-18,,19060.0,,,,,,17804.005859375
2020-11-19,,19480.0,,,,,,17817.08984375
2020-11-20,,20095.0,,,,,,18621.314453125
2020-11-23,,19855.0,,,,,,18364.12109375
2020-11-24,,20650.0,,,,,,19107.46484375
2020-11-25,,20425.0,,,,,,18732.12109375
2020-11-30,,21610.0,,,,,,19625.8359375
2020-12-01,,21130.0,,,,,,18802.998046875
2020-12-02,,21110.0,,,,,,19201.091796875
2020-12-03,,21415.0,,,,,,19445.3984375
2020-12-04,,20950.0,,,,,,18699.765625
2020-12-07,,20945.0,,,,,,19191.630859375
2020-12-08,,20645.0,,,,,,18321.14453125
2020-12-09,,20205.0,,,,,,18553.916015625
2020-12-10,,20215.0,,,,,,18264.9921875
2020-12-11,,19705.0,,,,,,18058.904296875
2020-12-14,,21190.0,,,,,,19246.64453125
2020-12-15,,21510.0,,,,,,19417.076171875
2020-12-16,,23095.0,,,,,,21310.59765625
2020-12-17,,25315.0,,,,,,22805.162109375
2020-12-18,,25405.0,,,,,,23137.9609375
2020-12-21,,25355.0,,,,,,22803.08203125
2020-12-22,,26015.0,,,,,,23783.029296875
2020-12-23,,26600.0,,,,,,23241.345703125
2020-12-28,,30165.0,,,,,33065.0,27084.80859375
2020-12-29,,30075.0,,,,,32975.0,27362.4375
2020-12-30,,31475.0,,,,,34375.0,28840.953125
2020-12-31,,31460.0,,,,,34360.0,29001.720703125
2021-01-04,,34050.0,,,,,36950.0,31971.9140625
2021-01-05,,37105.0,,,,,40005.0,33992.4296875
2021-01-06,,39655.0,,,,,42555.0,36824.36328125
2021-01-07,,43030.0,,,,,45930.0,39371.04296875
2021-01-08,,43135.0,,,,,46035.0,40797.609375
2021-01-11,,36895.0,,,,,39795.0,35566.65625
2021-01-12,,37995.0,,,,,40895.0,33922.9609375
2021-01-13,,39505.0,,,,,42405.0,37316.359375
2021-01-14,,42910.0,,,,,45810.0,39187.328125
2021-01-15,,39090.0,,,,,41990.0,36825.3671875
2021-01-19,,40180.0,,,,,43080.0,36069.8046875
2021-01-20,,38075.0,,,,,40975.0,35547.75
2021-01-21,,34800.0,,,,,37700.0,30825.69921875
2021-01-22,,36670.0,,,,,39570.0,33005.76171875
2021-01-25,,36705.0,,,,,39605.0,32366.392578125
2021-01-26,,34820.0,,,,,37720.0,32569.849609375
2021-01-27,,33910.0,,,,,36810.0,30432.546875
2021-01-28,,35125.0,,,,,38025.0,31649.60546875
2021-01-29,,37545.0,,,,,40445.0,34316.38671875
2021-02-01,,36515.0,,,,,39415.0,33537.17578125
2021-02-02,,39060.0,,,,,41960.0,35510.2890625
2021-02-03,,40300.0,,,,,43200.0,37472.08984375
2021-02-04,,40805.0,,,,,43705.0,36926.06640625
2021-02-05,,41115.0,,,,,44015.0,38144.30859375
2021-02-08,,48080.0,,,,,50980.0,46196.46484375
2021-02-09,,51660.0,,,,,54560.0,46481.10546875
2021-02-10,,48810.0,,,,,51710.0,44918.18359375
2021-02-11,,51705.0,,,,,54605.0,47909.33203125
2021-02-12,,52190.0,,,,,55090.0,47504.8515625
2021-02-16,,54000.0,,,,,56900.0,49199.87109375
2021-02-17,,58260.0,,,,,61160.0,52149.0078125
2021-02-18,,57770.0,,,,,60670.0,51679.796875
2021-02-19,,61645.0,,,,,64545.0,55888.1328125
2021-02-22,,59755.0,,,,,62655.0,54207.3203125
2021-02-23,,52350.0,,,,,55250.0,48824.42578125
2021-02-24,,54335.0,,,,,57235.0,49705.33203125
2021-02-25,,53875.0,,,,,56775.0,47093.8515625
2021-02-26,,53250.0,,,,,56150.0,46339.76171875
2021-03-01,,55300.0,,,,,58200.0,49631.2421875
2021-03-02,,54260.0,,,,,57160.0,48378.98828125
2021-03-03,,57485.0,,,,,60385.0,50538.2421875
2021-03-04,,54510.0,,,,,57410.0,48561.16796875
2021-03-05,,55565.0,,,,,58465.0,48927.3046875
2021-03-08,,58335.0,,,,,61235.0,52246.5234375
2021-03-09,,60975.0,,,,,63875.0,54824.1171875
2021-03-10,,63225.0,,,,,66125.0,56008.55078125
2021-03-11,,64620.0,,,,,67520.0,57805.12109375
2021-03-12,,64070.0,,,,,66970.0,57332.08984375
2021-03-15,,63830.0,,,,,66730.0,55907.19921875
2021-03-16,,62830.0,,,,,65730.0,56804.90234375
2021-03-17,,64840.0,,,,,67740.0,58870.89453125
2021-03-18,,65175.0,,,,,68075.0,57858.921875
2021-03-19,,66760.0,,,,,69660.0,58346.65234375
2021-03-22,,63225.0,,,,,66125.0,54529.14453125
2021-03-23,,61850.0,,,,,64750.0,54738.9453125
2021-03-24,,60500.0,,,,,63400.0,52774.265625
2021-03-25,,57685.0,,,,,60585.0,51704.16015625
2021-03-26,,58495.0,,,,,61395.0,55137.3125
2021-03-29,,62275.0,,,,,65175.0,57750.19921875
2021-03-30,,63180.0,,,,,66080.0,58917.69140625
2021-03-31,,62935.0,,,,,65835.0,58918.83203125
2021-04-01,,63095.0,,,,,65995.0,59095.80859375
2021-04-05,,63545.0,,,,,66445.0,59057.87890625
2021-04-06,,62225.0,,,,,65125.0,58192.359375
2021-04-07,,59625.0,,,,,62525.0,56048.9375
2021-04-08,,62400.0,,,,,65300.0,58323.953125
2021-04-09,,63075.0,,,,,65975.0,58245.00390625
2021-04-12,,64865.0,,,,,67765.0,59893.453125
2021-04-13,,67950.0,,,,,70850.0,63503.45703125
2021-04-14,,66800.0,,,,,69700.0,63109.6953125
2021-04-15,,68325.0,,,,,71225.0,63314.01171875
2021-04-16,,66250.0,,,,,69150.0,61572.7890625
2021-04-19,,59500.0,,,,,62400.0,55724.265625
2021-04-20,,60365.0,,,,,63265.0,56473.03125
2021-04-21,,59365.0,,,,,62265.0,53906.08984375
2021-04-22,,56500.0,,,,,59400.0,51762.2734375
2021-04-23,,54255.0,,,,,57155.0,51093.65234375
2021-04-26,,57435.0,,,,,60335.0,54021.75390625
2021-04-27,,58005.0,,,,,60905.0,55033.1171875
2021-04-28,,58245.0,,,,,61145.0,54824.703125
2021-04-29,,55645.0,,,,,58545.0,53555.109375
2021-04-30,,59925.0,,,,,62825.0,57750.17578125
2021-05-03,,60720.0,,,,,63620.0,57200.29296875
2021-05-04,,57150.0,,,,,60050.0,53333.5390625
2021-05-05,,58600.0,,,,,61500.0,57424.0078125
2021-05-06,,58680.0,,,,,61580.0,56396.515625
2021-05-07,,60205.0,,,,,63105.0,57356.40234375
2021-05-10,,58290.0,,,,,61190.0,55859.796875
2021-05-11,,59165.0,,,,,62065.0,56704.57421875
2021-05-12,,56650.0,,,,,59550.0,49150.53515625
2021-05-13,,50000.0,,,,,52900.0,49716.19140625
2021-05-14,,51590.0,,,,,54490.0,49880.53515625
2021-05-17,,45285.0,,,,,48185.0,43537.51171875
2021-05-18,,44610.0,,,,,47510.0,42909.40234375
2021-05-19,,40475.0,,,,,43375.0,37002.44140625
2021-05-20,,40975.0,,,,,43875.0,40782.73828125
2021-05-21,,36755.0,,,,,39655.0,37304.69140625
2021-05-24,,40290.0,,,,,43190.0,38705.98046875
2021-05-25,,38325.0,,,,,41225.0,38402.22265625
2021-05-26,,39480.0,,,,,42380.0,39294.19921875
2021-05-27,,39730.0,,,,,42630.0,38436.96875
2021-05-28,36785.0,36610.0,,,,,39510.0,35697.60546875
2021-06-01,36725.0,36750.0,,,,,39650.0,36684.92578125
2021-06-02,38785.0,38810.0,,,,,41710.0,37575.1796875
2021-06-03,39520.0,39545.0,,,,,42445.0,39208.765625
2021-06-04,37710.0,37735.0,,,,,40635.0,36894.40625
2021-06-07,36335.0,36360.0,,,,,39260.0,33560.70703125
2021-06-08,33545.0,33570.0,,,,,36470.0,33472.6328125
2021-06-09,37020.0,36915.0,,,,,39815.0,37345.12109375
2021-06-10,37210.0,37105.0,,,,,40005.0,36702.59765625
2021-06-11,37950.0,38045.0,,,,,40945.0,37334.3984375
2021-06-14,40535.0,40630.0,,,,,43530.0,40218.4765625
2021-06-15,40760.0,40855.0,,,,,43755.0,40406.26953125
2021-06-16,39260.0,39355.0,,,,,42255.0,38347.0625
2021-06-17,38240.0,38335.0,,,,,41235.0,38053.50390625
2021-06-18,35755.0,35850.0,,,,,38750.0,35787.24609375
2021-06-21,32780.0,33040.0,,,,,35940.0,31676.693359375
2021-06-22,32820.0,33040.0,,,,,35940.0,32505.66015625
2021-06-23,33260.0,33600.0,,,,,36500.0,33723.02734375
2021-06-24,35255.0,35595.0,,,,,38495.0,34662.4375
2021-06-25,32515.0,32775.0,,,,,35675.0,31637.779296875
2021-06-28,35070.0,35210.0,,,,,38110.0,34434.3359375
2021-06-29,37035.0,37175.0,,,,,40075.0,35867.77734375
2021-06-30,35205.0,35450.0,,,,,38350.0,35040.8359375
2021-07-01,33535.0,33715.0,,,,,36615.0,33572.1171875
2021-07-02,33770.0,33945.0,,,,,36845.0,33897.046875
2021-07-06,34480.0,34650.0,,,,,37550.0,34235.1953125
2021-07-07,35115.0,35190.0,,,,,38090.0,33855.328125
2021-07-08,33370.0,33500.0,,,,,36400.0,32877.37109375
2021-07-09,33850.0,33980.0,,,,,36880.0,33798.01171875
2021-07-12,33175.0,33305.0,,,,,36205.0,33155.84765625
2021-07-13,32575.0,32745.0,,,,,35645.0,32702.025390625
2021-07-14,33070.0,33240.0,,,,,36140.0,32822.34765625
2021-07-15,31745.0,31905.0,,,,,34805.0,31780.73046875
2021-07-16,32260.0,32385.0,,,,,35285.0,31421.5390625
2021-07-19,30855.0,30980.0,,,,,33880.0,30817.83203125
2021-07-20,29785.0,29865.0,,,,,32765.0,29807.34765625
2021-07-21,31785.0,31980.0,,,,,34880.0,32110.693359375
2021-07-22,32580.0,32585.0,,,,,35485.0,32313.10546875
2021-07-23,32485.0,32515.0,,,,,35415.0,33581.55078125
2021-07-26,39870.0,39985.0,,,,,42885.0,37337.53515625
2021-07-27,38180.0,38305.0,,,,,41205.0,39406.94140625
2021-07-28,40685.0,40860.0,,,,,43760.0,39995.90625
2021-07-29,40035.0,40210.0,,,,,43110.0,40008.421875
2021-07-30,40180.0,40315.0,40450.0,,,,43215.0,42235.546875
2021-08-02,39485.0,39665.0,39800.0,,,,42565.0,39201.9453125
2021-08-03,38250.0,38430.0,38565.0,,,,41330.0,38152.98046875
2021-08-04,40085.0,40215.0,40350.0,,,,43115.0,39747.50390625
2021-08-05,40985.0,41125.0,41260.0,,,,44025.0,40869.5546875
2021-08-06,43220.0,43330.0,43465.0,,,,46230.0,42816.5
2021-08-09,46400.0,46595.0,46790.0,,,,49555.0,46365.40234375
2021-08-10,45825.0,45985.0,46180.0,,,,48945.0,45585.03125
2021-08-11,46795.0,46950.0,47145.0,,,,49910.0,45593.63671875
2021-08-12,44775.0,44930.0,44955.0,,,,47720.0,44428.2890625
2021-08-13,46830.0,47000.0,47080.0,,,,49845.0,47793.3203125
2021-08-16,46395.0,46570.0,46615.0,,,,49380.0,46004.484375
2021-08-17,45740.0,45785.0,45885.0,,,,48650.0,44695.359375
2021-08-18,45080.0,45130.0,45235.0,,,,48000.0,44801.1875
2021-08-19,46930.0,47100.0,47205.0,,,,49970.0,46717.578125
2021-08-20,49090.0,49320.0,49380.0,,,,52145.0,49339.17578125
2021-08-23,49620.0,49850.0,50030.0,,,,52795.0,49546.1484375
2021-08-24,48540.0,48680.0,48725.0,,,,51200.0,47706.1171875
2021-08-25,49075.0,49220.0,49350.0,,,,51825.0,48960.7890625
2021-08-26,47130.0,47250.0,47375.0,,,,49850.0,46942.21875
2021-08-27,48620.0,48760.0,48860.0,48960.0,,,51335.0,49058.66796875
2021-08-30,48895.0,49055.0,49165.0,49265.0,,,51640.0,47054.984375
2021-08-31,47585.0,47630.0,47740.0,47840.0,,,50215.0,47166.6875
2021-09-01,48460.0,48710.0,48820.0,48920.0,,,51295.0,48847.02734375
2021-09-02,49610.0,49780.0,49890.0,50325.0,,,52700.0,49327.72265625
2021-09-03,50910.0,51095.0,51415.0,51350.0,,,53725.0,50025.375
2021-09-07,47015.0,47195.0,47425.0,47360.0,,,49735.0,46811.12890625
2021-09-08,46735.0,46890.0,47120.0,47080.0,,,49455.0,46091.390625
2021-09-09,46870.0,47030.0,47250.0,47350.0,,,49725.0,46391.421875
2021-09-10,45940.0,46070.0,46290.0,46560.0,,,48935.0,44883.91015625
2021-09-13,45030.0,45205.0,45425.0,45695.0,,,48070.0,44963.07421875
2021-09-14,46795.0,46905.0,47245.0,47440.0,,,49815.0,47092.4921875
2021-09-15,48445.0,48680.0,48850.0,49030.0,,,51405.0,48176.34765625
2021-09-16,47860.0,48115.0,48435.0,48615.0,,,50990.0,47783.359375
2021-09-17,47790.0,48050.0,48555.0,48735.0,,,51110.0,47267.51953125
2021-09-20,44055.0,44270.0,44510.0,44705.0,,,47080.0,42843.80078125
2021-09-21,42300.0,42515.0,42765.0,42960.0,,,45335.0,40693.67578125
2021-09-22,43660.0,43830.0,43935.0,44100.0,,,46475.0,43574.5078125
2021-09-23,44955.0,45140.0,45240.0,45480.0,,,47855.0,44895.09765625
2021-09-24,42585.0,42665.0,42815.0,43090.0,43365.0,,45465.0,42839.75
2021-09-27,43220.0,43375.0,43555.0,43765.0,44000.0,,46100.0,42235.73046875
2021-09-28,41715.0,41895.0,42000.0,42320.0,42540.0,,44640.0,41034.54296875
2021-09-29,41215.0,41425.0,41605.0,41810.0,42030.0,,44130.0,41564.36328125
2021-09-30,43760.0,43950.0,44065.0,44295.0,44425.0,,46525.0,43790.89453125
2021-10-01,48500.0,48645.0,48845.0,48930.0,49115.0,,51215.0,48116.94140625
2021-10-04,50020.0,50190.0,50400.0,50555.0,50680.0,,52780.0,49112.90234375
2021-10-05,51780.0,52055.0,52120.0,52300.0,52670.0,,54770.0,51514.8125
2021-10-06,56000.0,56225.0,56410.0,56595.0,56810.0,,58910.0,55361.44921875
2021-10-07,54870.0,55115.0,55330.0,55570.0,55785.0,,57885.0,53805.984375
2021-10-08,55590.0,55775.0,55985.0,56180.0,56435.0,,58535.0,53967.84765625
2021-10-11,58505.0,58755.0,58885.0,59255.0,59490.0,,61590.0,57484.7890625
2021-10-12,56330.0,56635.0,56860.0,57085.0,57320.0,,59420.0,56041.05859375
2021-10-13,58235.0,58505.0,58820.0,59065.0,59235.0,,61335.0,57401.09765625
2021-10-14,58675.0,58990.0,59230.0,59425.0,59605.0,,61705.0,57321.5234375
2021-10-15,62575.0,63000.0,63235.0,63700.0,63845.0,,65945.0,61593.94921875
2021-10-18,62010.0,62390.0,62720.0,63045.0,63355.0,,65455.0,62026.078125
2021-10-19,65255.0,65730.0,66100.0,66470.0,66870.0,,68970.0,64261.9921875
2021-10-20,67905.0,68635.0,69075.0,69685.0,70065.0,,72455.0,65992.8359375
2021-10-21,63840.0,64655.0,65295.0,65860.0,66250.0,,70625.0,62210.171875
2021-10-22,61680.0,62310.0,62840.0,63520.0,63875.0,,68250.0,60692.265625
2021-10-25,63375.0,64050.0,64605.0,65155.0,65710.0,,70085.0,63039.82421875
2021-10-26,62580.0,63185.0,63785.0,64325.0,64865.0,,69240.0,60363.79296875
2021-10-27,59415.0,59775.0,60195.0,60475.0,60845.0,,65220.0,58482.38671875
2021-10-28,61780.0,62230.0,62425.0,62735.0,63020.0,,67395.0,60622.13671875
2021-10-29,63010.0,63395.0,63685.0,64130.0,64505.0,,68880.0,62227.96484375
2021-11-01,61615.0,62095.0,62370.0,62660.0,63170.0,63300.0,67545.0,61004.40625
2021-11-02,64015.0,64600.0,64930.0,65285.0,65655.0,65905.0,70150.0,63226.40234375
2021-11-03,63065.0,63600.0,64050.0,64225.0,64595.0,64845.0,69090.0,62970.046875
2021-11-04,61360.0,61910.0,62300.0,62645.0,63015.0,63265.0,67510.0,61452.23046875
2021-11-05,61380.0,61900.0,62290.0,62635.0,63005.0,63255.0,67500.0,61125.67578125
2021-11-08,66485.0,67075.0,67440.0,67785.0,68110.0,68365.0,72610.0,67566.828125
2021-11-09,67625.0,68235.0,68615.0,68995.0,69330.0,69570.0,73815.0,66971.828125
2021-11-10,66075.0,66650.0,66975.0,67310.0,67625.0,67735.0,70450.0,64995.23046875
2021-11-11,65055.0,65635.0,65995.0,66340.0,66655.0,66955.0,69435.0,64949.9609375
2021-11-12,64235.0,64820.0,65190.0,65550.0,65885.0,66280.0,69400.0,64155.94140625
2021-11-15,63910.0,64460.0,64860.0,65240.0,65595.0,66040.0,69150.0,63557.87109375
2021-11-16,59730.0,60220.0,60565.0,60910.0,61230.0,61630.0,64535.0,60161.24609375
2021-11-17,60485.0,61060.0,61405.0,61745.0,62025.0,62420.0,65365.0,60368.01171875
2021-11-18,58015.0,58575.0,58945.0,59305.0,59645.0,60005.0,62920.0,56942.13671875
2021-11-19,57900.0,58510.0,58880.0,59190.0,59480.0,59740.0,62555.0,58119.578125
2021-11-22,55815.0,56330.0,56665.0,56995.0,57315.0,57615.0,60250.0,56289.2890625
2021-11-23,57855.0,58360.0,58710.0,59025.0,59330.0,59660.0,62475.0,57569.07421875
2021-11-24,57415.0,57815.0,58250.0,58485.0,58705.0,58995.0,61870.0,56280.42578125
2021-11-29,,59110.0,59465.0,59645.0,60005.0,58945.0,,58601.91796875
